district,province,area,density,loc_income_capita,population,loc_type_enc,distrct_vs_province
a lưới,thừa thiên huế,1225.2,40,3212,49418,1,0.0372394657857039
huế,thừa thiên huế,266.0,2453,3212,652572,4,0.49175265422939746
hương thủy,thừa thiên huế,427.0,223,3212,95299,2,0.07181358715269326
hương trà,thừa thiên huế,392.3,185,3212,72677,2,0.054766535572212595
nam đông,thừa thiên huế,647.8,38,3212,24300,1,0.018311526540786854
phong điền,thừa thiên huế,948.2,93,3212,87781,1,0.06614831733649428
phú lộc,thừa thiên huế,720.4,180,3212,129846,1,0.0978468508318934
phú vang,thừa thiên huế,235.4,646,3212,137962,1,0.10396274998436361
quảng điền,thừa thiên huế,163.1,473,3212,77178,1,0.05815831256645464
an biên,kiên giang,400.3,288,4412,115218,1,0.06438198480107286
an minh,kiên giang,590.5,196,4412,115720,1,0.06466249441215914
châu thành,kiên giang,285.4,559,4412,159607,1,0.08918585158694681
giang thành,kiên giang,412.8,71,4412,29215,1,0.016324877067501117
giồng riềng,kiên giang,639.4,351,4412,224655,1,0.1255336388019669
gò quao,kiên giang,439.5,301,4412,132508,1,0.07404336164506035
hà tiên,kiên giang,100.5,812,4412,81576,4,0.04558337058560572
hòn đất,kiên giang,1039.6,150,4412,156273,1,0.08732286544479213
kiên hải,kiên giang,24.6,715,4412,17588,0,0.009827894501564596
kiên lương,kiên giang,473.3,168,4412,79484,1,0.04441439427805096
phú quốc,kiên giang,589.3,305,4412,179480,4,0.1002905677246312
rạch giá,kiên giang,103.6,2196,4412,227527,4,0.12713846669646847
tân hiệp,kiên giang,422.9,297,4412,125459,1,0.07010449262405007
u minh thượng,kiên giang,432.7,147,4412,63415,1,0.03543529280286097
vĩnh thuận,kiên giang,394.4,208,4412,81875,1,0.045750447027268666
an dương,hải phòng,104.2,1878,5199,195717,3,0.09648294268612394
an lão,hải phòng,117.7,1246,5199,146712,3,0.07232486440813324
bạch long vỹ,hải phòng,3.1,201,5199,624,0,0.00030761434232152204
cát hải,hải phòng,325.6,99,5199,32090,0,0.015819461931246222
đồ sơn,hải phòng,45.9,1068,5199,49029,5,0.024169909598849206
dương kinh,hải phòng,46.8,1289,5199,60319,5,0.029735560119378026
hải an,hải phòng,103.7,1282,5199,132943,5,0.06553713703725979
hồng bàng,hải phòng,14.5,6628,5199,96111,5,0.04738000329305097
kiến an,hải phòng,29.6,3988,5199,118047,5,0.05819383055773832
kiến thụy,hải phòng,108.9,1289,5199,140417,3,0.06922160754128391
lê chân,hải phòng,11.9,18467,5199,219762,5,0.10833644727125373
ngô quyền,hải phòng,11.3,14629,5199,165309,5,0.08149265915837899
thủy nguyên,hải phòng,261.9,1275,5199,333810,3,0.16455888399094115
tiên lãng,hải phòng,193.4,800,5199,154789,3,0.07630659684872769
vĩnh bảo,hải phòng,183.3,997,5199,182835,3,0.09013248121531328
an khê,gia lai,200.1,329,2314,65918,2,0.043543369970677356
ayun pa,gia lai,287.2,139,2314,39936,2,0.026380473059694935
chư păh,gia lai,974.6,79,2314,77299,1,0.05106130276045069
chư prông,gia lai,1693.9,73,2314,123555,1,0.08161657023464063
chư pưh,gia lai,718.9,108,2314,77511,1,0.051201343332582486
chư sê,gia lai,641.0,190,2314,121965,1,0.08056626594365217
đak đoa,gia lai,985.3,125,2314,123282,1,0.08143623496958412
đak pơ,gia lai,502.5,80,2314,40442,1,0.026714720840349124
đức cơ,gia lai,721.9,105,2314,75718,1,0.05001694358809047
ia grai,gia lai,1119.6,94,2314,105664,1,0.06979833497044285
ia pa,gia lai,868.6,65,2314,56596,1,0.037385548209297244
kbang,gia lai,1840.9,36,2314,65437,1,0.043225636408434936
kông chro,gia lai,1439.7,36,2314,52406,1,0.0346177652034849
krông pa,gia lai,1623.7,53,2314,86416,1,0.05708370793085431
mang yang,gia lai,1127.2,61,2314,68273,1,0.045099009345065916
phú thiện,gia lai,505.2,156,2314,78627,1,0.051938538042483814
pleiku,gia lai,260.8,977,2314,254802,4,0.16831423519021407
an lão,bình định,696.9,40,3441,27837,1,0.018670195427723666
an nhơn,bình định,244.5,719,3441,175709,2,0.11784751835362639
hoài ân,bình định,753.2,114,3441,85700,1,0.05747874225512513
hoài nhơn,bình định,420.8,504,3441,212063,2,0.14223004106007703
phù cát,bình định,680.7,269,3441,183440,1,0.12303267770455256
phù mỹ,bình định,555.9,291,3441,161563,1,0.10835983704743035
quy nhơn,bình định,286.1,1014,3441,290053,4,0.19453770860356837
tây sơn,bình định,692.2,168,3441,115968,1,0.07777940235521996
tuy phước,bình định,219.9,819,3441,180191,1,0.12085358279688743
vân canh,bình định,804.2,35,3441,27875,1,0.018695681917871798
vĩnh thạnh,bình định,716.9,43,3441,30587,1,0.020514612477917298
an phú,an giang,226.2,657,3338,148615,1,0.07787609413776914
châu đốc,an giang,105.2,967,3338,101765,4,0.05332611593668254
châu phú,an giang,450.7,459,3338,206676,1,0.10830077469984573
châu thành,an giang,354.8,427,3338,151368,1,0.07931870011402509
chợ mới,an giang,369.1,834,3338,307981,1,0.1613858449594205
long xuyên,an giang,115.4,2360,3338,272365,4,0.1427226214031793
phú tân,an giang,313.1,603,3338,188951,1,0.09901265594607284
tân châu,an giang,176.4,801,3338,141211,2,0.07399630676101683
thoại sơn,an giang,470.8,347,3338,163427,1,0.08563776494063988
tịnh biên,an giang,354.7,306,3338,108562,1,0.056887827822120866
tri tôn,an giang,600.2,196,3338,117431,1,0.06153529327922731
ân thi,hưng yên,130.0,1034,4043,134403,1,0.10349423864129882
hưng yên,hưng yên,73.9,1575,4043,116356,4,0.0895975211219018
khoái châu,hưng yên,131.0,1437,4043,188255,1,0.14496185275193046
kim động,hưng yên,103.3,1140,4043,117734,1,0.09065862140126839
mỹ hào,hưng yên,79.4,1998,4043,158673,2,0.1221828480609124
phù cừ,hưng yên,94.6,845,4043,79954,1,0.06156691708017236
tiên lữ,hưng yên,78.6,1185,4043,93118,1,0.07170358186796771
văn giang,hưng yên,71.8,1682,4043,120799,1,0.09301876099216726
văn lâm,hưng yên,75.2,1769,4043,133027,1,0.10243467842039283
yên mỹ,hưng yên,92.4,1692,4043,156333,1,0.12038097966198796
anh sơn,nghệ an,603.3,194,3004,116922,1,0.03513501899608479
con cuông,nghệ an,1738.3,43,3004,75168,1,0.022587956996097412
cửa lò,nghệ an,27.8,2002,3004,55668,2,0.01672821400142016
diễn châu,nghệ an,305.0,1025,3004,312506,1,0.09390794073305686
đô lương,nghệ an,350.1,610,3004,213543,1,0.06416959478524943
hoàng mai,nghệ an,169.8,668,3004,113360,2,0.03406463927572374
hưng nguyên,nghệ an,159.2,780,3004,124245,1,0.03733557786531666
kỳ sơn,nghệ an,2094.3,38,3004,80288,1,0.02412651515675113
nam đàn,nghệ an,292.5,563,3004,164634,1,0.04947245785567663
nghi lộc,nghệ an,345.9,630,3004,218005,1,0.06551042418228789
nghĩa đàn,nghệ an,617.8,227,3004,140515,1,0.04222470702036276
quế phong,nghệ an,1890.9,38,3004,71940,1,0.021617944155747762
quỳ châu,nghệ an,1057.7,55,3004,57813,1,0.01737278573083466
quỳ hợp,nghệ an,942.7,142,3004,134154,1,0.040313228805534965
quỳnh lưu,nghệ an,436.2,633,3004,276259,1,0.08301573025469448
tân kỳ,nghệ an,729.2,202,3004,147257,1,0.04425067559831732
thái hòa,nghệ an,134.8,491,3004,66127,2,0.019871139744052437
thanh chương,nghệ an,1130.4,213,3004,240808,1,0.07236271749037124
tương dương,nghệ an,2811.3,28,3004,77830,1,0.023387887039781043
vinh,nghệ an,105.1,3227,3004,339114,4,0.10190363517420414
yên thành,nghệ an,547.9,551,3004,301635,1,0.09064120913843447
ba bể,bắc kạn,684.1,71,2192,48325,1,0.15394785046431245
bắc kạn,bắc kạn,136.9,329,2192,45036,4,0.14347015816887274
bạch thông,bắc kạn,546.5,57,2192,31061,1,0.09895031936413883
chợ đồn,bắc kạn,911.2,54,2192,49554,1,0.15786304773737278
chợ mới,bắc kạn,606.5,64,2192,38958,1,0.12410761217565824
na rì,bắc kạn,853.0,45,2192,38263,1,0.12189356652490403
ngân sơn,bắc kạn,645.9,45,2192,29269,1,0.09324158583010783
pác nặm,bắc kạn,475.4,70,2192,33439,1,0.10652585973463309
ba chẽ,quảng ninh,606.5,36,4539,22103,1,0.017030066701030373
bình liêu,quảng ninh,470.1,67,4539,31637,1,0.02437588654121603
cẩm phả,quảng ninh,386.5,492,4539,190232,4,0.14657121877891732
cô tô,quảng ninh,50.1,125,4539,6285,0,0.004842508673753603
đầm hà,quảng ninh,326.9,126,4539,41217,1,0.031757148767876255
đông triều,quảng ninh,396.6,433,4539,171673,2,0.13227175680975375
hạ long,quảng ninh,1119.1,268,4539,300267,4,0.23135171868607368
hải hà,quảng ninh,511.6,120,4539,61566,1,0.04743578186289806
móng cái,quảng ninh,519.6,209,4539,108553,4,0.08363863867334524
quảng yên,quảng ninh,301.8,483,4539,145920,2,0.11242941379063258
tiên yên,quảng ninh,652.1,78,4539,50830,1,0.03916383705439867
uông bí,quảng ninh,255.5,474,4539,120982,4,0.09321501740144127
vân đồn,quảng ninh,581.8,80,4539,46616,0,0.03591700625866316
ba đình,hà nội,9.2,24119,5981,221893,5,0.027516534002778772
ba vì,hà nội,423.0,687,5981,290580,3,0.03603427981291639
bắc từ liêm,hà nội,45.2,7529,5981,340605,5,0.04223778606813403
cầu giấy,hà nội,12.4,23516,5981,292536,5,0.03627683969767812
chương mỹ,hà nội,237.4,1421,5981,337326,3,0.04183116343923131
đan phượng,hà nội,78.0,2237,5981,174501,3,0.02163954113026954
đông anh,hà nội,185.6,2186,5981,405749,3,0.05031617110541335
đống đa,hà nội,10.0,37161,5981,371606,5,0.046082161828613834
gia lâm,hà nội,116.7,2452,5981,286102,3,0.03547897144688211
hà đông,hà nội,49.6,8021,5981,397854,5,0.04933712698977231
hai bà trưng,hà nội,10.3,29474,5981,303586,5,0.03764712943521245
hoài đức,hà nội,85.0,3094,5981,262978,3,0.032611407655864566
hoàn kiếm,hà nội,5.3,25588,5981,135618,5,0.01681773335972226
hoàng mai,hà nội,40.3,12564,5981,506347,5,0.06279114006618065
long biên,hà nội,59.8,5394,5981,322549,5,0.03999869543456662
mê linh,hà nội,142.5,1688,5981,240555,3,0.029830773557698746
mỹ đức,hà nội,226.3,883,5981,199901,3,0.024789347404782846
nam từ liêm,hà nội,32.2,8364,5981,269076,5,0.03336760917798985
phú xuyên,hà nội,171.4,1248,5981,213984,3,0.026535753773443114
phúc thọ,hà nội,118.6,1552,5981,184024,3,0.02282047046696994
quốc oai,hà nội,151.1,1287,5981,194412,3,0.024108666828373256
sóc sơn,hà nội,304.8,1127,5981,343432,3,0.04258835702632494
sơn tây,hà nội,117.4,1242,5981,145856,2,0.018087328502969003
tây hồ,hà nội,24.4,6578,5981,160495,5,0.019902683386929642
thạch thất,hà nội,187.4,1156,5981,216554,3,0.02685445464452576
thanh oai,hà nội,123.9,1703,5981,211029,3,0.026169309775758594
thanh trì,hà nội,63.5,4342,5981,275745,3,0.034194619337231155
thanh xuân,hà nội,9.1,32255,5981,293524,5,0.036399359721269425
thường tín,hà nội,130.4,1953,5981,254702,3,0.03158511644610582
ứng hòa,hà nội,188.2,1120,5981,210869,3,0.02614946847639158
ba đồn,quảng bình,162.3,656,3150,106413,2,0.11884011033804988
bố trạch,quảng bình,2115.5,89,3150,188375,1,0.2103737868956814
đồng hới,quảng bình,155.9,857,3150,133672,4,0.14928246764124498
lệ thủy,quảng bình,1401.8,98,3150,137831,1,0.1539271634856996
minh hóa,quảng bình,1393.8,36,3150,50670,1,0.05658733792702947
quảng ninh,quảng bình,1194.2,76,3150,90335,1,0.10088449125001396
quảng trạch,quảng bình,447.9,246,3150,110380,1,0.12327038406128898
tuyên hóa,quảng bình,1128.7,69,3150,77754,1,0.0868342584009917
bà rịa,bà rịa - vũng tàu,91.0,1195,4610,108701,4,0.0946614729607694
châu đức,bà rịa - vũng tàu,424.6,339,4610,143859,1,0.12527856081051073
côn đảo,bà rịa - vũng tàu,75.4,117,4610,8827,0,0.007686928563902002
đất đỏ,bà rịa - vũng tàu,188.9,389,4610,73530,1,0.06403306415585298
long điền,bà rịa - vũng tàu,77.6,1750,4610,135763,1,0.1182282182645324
phú mỹ,bà rịa - vũng tàu,333.8,539,4610,179786,2,0.1565653267009953
vũng tàu,bà rịa - vũng tàu,150.4,2374,4610,357124,4,0.31099883045824617
xuyên mộc,bà rịa - vũng tàu,639.2,220,4610,140723,1,0.12254759808519106
bá thước,thanh hóa,777.6,130,3510,100834,1,0.027279594060680958
bỉm sơn,thanh hóa,63.9,914,3510,58378,2,0.01579356310445319
cẩm thủy,thanh hóa,424.5,259,3510,110091,1,0.029783979508245507
đông sơn,thanh hóa,82.9,928,3510,76923,1,0.02081072072842257
hà trung,thanh hóa,243.8,487,3510,118826,1,0.03214714326372529
hậu lộc,thanh hóa,143.7,1228,3510,176418,1,0.0477280622111313
hoằng hóa,thanh hóa,203.8,1143,3510,233043,1,0.06304736932664848
lang chánh,thanh hóa,585.6,85,3510,49654,1,0.01343337528501351
mường lát,thanh hóa,812.4,49,3510,39948,1,0.010807517539084861
nga sơn,thanh hóa,157.8,894,3510,141114,1,0.038176930760248855
nghi sơn,thanh hóa,455.6,675,3510,307304,2,0.08313791353336673
ngọc lặc,thanh hóa,491.0,278,3510,136611,1,0.03695869076128772
như thanh,thanh hóa,588.1,161,3510,94906,1,0.025675835074706815
như xuân,thanh hóa,721.7,92,3510,66240,1,0.017920545754204997
nông cống,thanh hóa,285.1,641,3510,182801,1,0.049454916733309595
quan hóa,thanh hóa,990.7,49,3510,48856,1,0.013217484652286223
quan sơn,thanh hóa,926.6,44,3510,40526,1,0.010963889451010142
quảng xương,thanh hóa,174.2,1148,3510,199943,1,0.05409250724234616
sầm sơn,thanh hóa,44.9,2432,3510,109208,4,0.02954509300611744
thạch thành,thanh hóa,559.2,258,3510,144343,1,0.03905050325783835
thanh hóa,thanh hóa,145.4,2475,3510,359910,4,0.09736992183568721
thiệu hóa,thanh hóa,159.9,1005,3510,160732,1,0.043484377417948035
thọ xuân,thanh hóa,292.3,671,3510,195998,1,0.053025228362510134
thường xuân,thanh hóa,1107.2,81,3510,89131,1,0.02411346865365407
triệu sơn,thanh hóa,290.1,698,3510,202386,1,0.05475343558288848
vĩnh lộc,thanh hóa,157.7,548,3510,86362,1,0.02336434439046878
yên định,thanh hóa,228.8,725,3510,165830,1,0.044863588502714595
ba tơ,quảng ngãi,1137.6,52,3159,59438,1,0.04694929873839261
bình sơn,quảng ngãi,466.2,388,3159,181050,1,0.14300902682771935
đức phổ,quảng ngãi,372.8,405,3159,150927,2,0.11921526314292846
lý sơn,quảng ngãi,10.4,2132,3159,22174,0,0.017514952559391596
minh long,quảng ngãi,217.2,86,3159,18722,1,0.014788262912281478
mộ đức,quảng ngãi,214.0,526,3159,112592,1,0.08893494807283389
nghĩa hành,quảng ngãi,234.4,351,3159,82250,1,0.06496819915260932
quảng ngãi,quảng ngãi,156.9,1666,3159,261417,4,0.2064898689103668
sơn hà,quảng ngãi,752.1,104,3159,78377,1,0.06190896711226821
sơn tây,quảng ngãi,381.5,56,3159,21174,1,0.016725065639603034
sơn tịnh,quảng ngãi,243.1,394,3159,95843,1,0.07570513205329525
trà bồng,quảng ngãi,760.3,70,3159,53379,1,0.042163373891393706
tư nghĩa,quảng ngãi,206.3,624,3159,128661,1,0.10162764098691632
ba tri,bến tre,367.2,503,3544,184734,1,0.1433754791561729
bến tre,bến tre,70.6,1763,3544,124499,4,0.0966259799466496
bình đại,bến tre,427.3,321,3544,137304,1,0.10656417762869404
châu thành,bến tre,224.9,782,3544,175893,1,0.13651381529776174
chợ lách,bến tre,169.1,659,3544,111418,1,0.08647357355236433
giồng trôm,bến tre,312.6,544,3544,169987,1,0.1319300593032163
mỏ cày bắc,bến tre,165.2,685,3544,113210,1,0.08786437794488472
mỏ cày nam,bến tre,230.8,622,3544,143577,1,0.11143276912103801
thạnh phú,bến tre,426.5,300,3544,127841,1,0.09921976804921834
bác ái,ninh thuận,1027.2,30,2918,30598,1,0.051820000101614486
ninh hải,ninh thuận,253.6,364,2918,92231,1,0.15620009246918118
ninh phước,ninh thuận,342.0,374,2918,128028,1,0.2168249876792437
ninh sơn,ninh thuận,771.8,93,2918,71888,1,0.12174770139567495
phan rang – tháp chàm,ninh thuận,79.2,2114,2918,167394,4,0.28349425116052207
thuận bắc,ninh thuận,318.3,136,2918,43322,1,0.07336904517949352
thuận nam,ninh thuận,563.3,101,2918,57006,1,0.09654392201427006
bắc bình,bình thuận,1868.8,69,3981,129374,1,0.10511306393848593
đức linh,bình thuận,546.6,231,3981,126035,1,0.10240021189332536
hàm tân,bình thuận,739.1,96,3981,70697,1,0.0574395031556506
hàm thuận bắc,bình thuận,1344.5,137,3981,184131,1,0.14960172504566105
hàm thuận nam,bình thuận,1058.4,110,3981,116544,1,0.09468901729595518
la gi,bình thuận,185.4,577,3981,107057,2,0.08698107259621322
phan thiết,bình thuận,210.9,1075,3981,226736,4,0.18421719715828952
phú quý,bình thuận,17.9,1504,3981,26918,0,0.021870186089138193
tánh linh,bình thuận,1198.6,82,3981,98516,1,0.0800417286855464
tuy phong,bình thuận,773.7,187,3981,144800,1,0.11764629414173454
bắc giang,bắc giang,66.6,2616,3930,174229,4,0.09658194517586408
hiệp hòa,bắc giang,206.0,1201,3930,247460,1,0.13717675101859808
lạng giang,bắc giang,244.1,889,3930,216996,1,0.1202893650045733
lục nam,bắc giang,608.6,372,3930,226194,1,0.12538817594722693
lục ngạn,bắc giang,1032.5,219,3930,226540,1,0.12557997727209735
sơn động,bắc giang,860.2,88,3930,76106,1,0.04218853072424402
tân yên,bắc giang,208.3,851,3930,177265,1,0.09826491865073865
việt yên,bắc giang,171.0,1204,3930,205900,1,0.11413841847057846
yên dũng,bắc giang,191.8,793,3930,152125,1,0.08432883394772582
yên thế,bắc giang,306.4,330,3930,101135,1,0.056063083788353334
bắc hà,lào cai,683.3,96,2427,65338,1,0.08933046584789293
bảo thắng,lào cai,652.0,158,2427,103262,1,0.14118036310240778
bảo yên,lào cai,818.3,105,2427,85564,1,0.11698356208958204
bát xát,lào cai,1035.5,72,2427,74388,1,0.10170367463792983
lào cai,lào cai,282.1,463,2427,130671,4,0.17865409566883003
mường khương,lào cai,556.1,115,2427,63682,1,0.08706637372012485
sa pa,lào cai,681.4,120,2427,81857,2,0.11191533170453598
si ma cai,lào cai,234.9,160,2427,37490,1,0.05125653011474955
văn bàn,lào cai,1423.5,63,2427,89167,1,0.121909603113947
bạc liêu,bạc liêu,175.4,890,3338,156110,4,0.1720720959044835
đông hải,bạc liêu,570.1,268,3338,152619,1,0.16822414454452866
giá rai,bạc liêu,355.0,405,3338,143613,2,0.1582972897900877
hòa bình,bạc liêu,376.0,313,3338,117753,1,0.12979312990225256
hồng dân,bạc liêu,424.0,264,3338,111848,1,0.12328434938648819
phước long,bạc liêu,416.2,299,3338,124268,1,0.13697428232565728
vĩnh lợi,bạc liêu,251.0,402,3338,101025,1,0.11135470814650213
bắc mê,hà giang,856.1,64,1835,54592,1,0.0638742732651674
bắc quang,hà giang,1105.6,107,1835,118690,1,0.13887085092765822
đồng văn,hà giang,451.7,181,1835,81880,1,0.09580204965840977
hà giang,hà giang,133.5,416,1835,55559,4,0.06500569219554944
hoàng su phì,hà giang,632.4,105,1835,66683,1,0.07802110499965484
mèo vạc,hà giang,574.2,150,1835,86071,1,0.10070564504334376
quản bạ,hà giang,542.2,99,1835,53476,1,0.06256851987705325
quang bình,hà giang,791.8,78,1835,61711,1,0.07220371624902448
vị xuyên,hà giang,1478.4,75,1835,110465,1,0.12924735485486363
xín mần,hà giang,587.0,116,1835,67999,1,0.07956086437130197
yên minh,hà giang,776.6,126,1835,97553,1,0.11413992855797322
bắc ninh,bắc ninh,82.6,2999,5439,247702,4,0.18095759913503404
gia bình,bắc ninh,107.6,962,5439,103517,1,0.07562388591800356
lương tài,bắc ninh,105.9,986,5439,104469,1,0.07631936530200754
quế võ,bắc ninh,155.1,1262,5439,195666,1,0.14294292977995968
thuận thành,bắc ninh,117.8,1460,5439,171942,1,0.1256114666432892
tiên du,bắc ninh,95.6,1846,5439,176460,1,0.12891207153502235
từ sơn,bắc ninh,61.1,2887,5439,176410,2,0.12887554425645073
yên phong,bắc ninh,96.9,1988,5439,192674,1,0.1407571374302329
bắc sơn,lạng sơn,699.4,103,2297,71967,1,0.09207003089598352
bình gia,lạng sơn,1094.2,48,2297,52689,1,0.06740697622352572
cao lộc,lạng sơn,619.1,129,2297,79873,1,0.10218446757201068
chi lăng,lạng sơn,704.2,107,2297,75063,1,0.09603085760341838
đình lập,lạng sơn,1189.6,24,2297,28579,1,0.03656216617305589
hữu lũng,lạng sơn,807.6,151,2297,121735,1,0.15574006435064064
lạng sơn,lạng sơn,77.9,1326,2297,103284,4,0.13213502120500734
lộc bình,lạng sơn,986.4,86,2297,84740,1,0.10841099973773596
tràng định,lạng sơn,1016.7,59,2297,59827,1,0.076538882243445
văn lãng,lạng sơn,567.4,88,2297,49696,1,0.063577921205647
văn quan,lạng sơn,547.6,99,2297,54202,1,0.06934261278952991
bắc tân uyên,bình dương,400.3,165,7019,65860,1,0.029040772609780382
bàu bàng,bình dương,340.0,273,7019,92679,1,0.04086653150169809
bến cát,bình dương,234.4,1292,7019,302782,2,0.13351082921856247
dầu tiếng,bình dương,721.1,156,7019,112472,1,0.04959419643132735
dĩ an,bình dương,60.1,6718,7019,403760,4,0.17803678027520387
phú giáo,bình dương,544.4,165,7019,89741,1,0.039571029073402694
tân uyên,bình dương,191.8,1932,7019,370512,2,0.16337617280891206
thủ dầu một,bình dương,118.9,2705,7019,321607,4,0.14181165740530882
thuận an,bình dương,83.7,6074,7019,508433,4,0.22419203067580426
bắc trà my,quảng nam,847.0,49,3555,41335,1,0.02763382029292451
đại lộc,quảng nam,578.5,245,3555,141851,1,0.0948321045692908
điện bàn,quảng nam,216.3,1047,3555,226564,2,0.15146555850601545
đông giang,quảng nam,821.9,31,3555,25116,1,0.016790880137343464
duy xuyên,quảng nam,309.2,410,3555,126686,1,0.08469379841851783
hiệp đức,quảng nam,496.9,75,3555,37127,1,0.02482063253938329
hội an,quảng nam,63.6,1550,3555,98599,4,0.06591670611012614
nam giang,quảng nam,1846.6,14,3555,26123,1,0.01746409308121609
nam trà my,quảng nam,826.4,38,3555,31306,1,0.020929100715865363
nông sơn,quảng nam,471.6,57,3555,26678,1,0.017835129013539133
núi thành,quảng nam,555.8,266,3555,147721,1,0.09875639452016698
phú ninh,quảng nam,255.7,302,3555,77204,1,0.05161343805237557
phước sơn,quảng nam,1153.3,23,3555,26337,1,0.017607159188454163
quế sơn,quảng nam,257.3,314,3555,80821,1,0.0540315226779836
tam kỳ,quảng nam,94.0,1302,3555,122374,4,0.08181108321099176
tây giang,quảng nam,913.7,22,3555,20005,1,0.013374006893914476
thăng bình,quảng nam,412.4,421,3555,173726,1,0.1161416006824387
tiên phước,quảng nam,454.6,146,3555,66239,1,0.04428297138945268
bắc yên,sơn la,1098.6,61,1745,66784,1,0.05349503170019585
mai sơn,sơn la,1426.7,115,1745,163881,1,0.1312712519474694
mộc châu,sơn la,1071.7,107,1745,114460,1,0.09168425563614663
mường la,sơn la,1425.4,70,1745,99534,1,0.07972829547866694
phù yên,sơn la,1234.2,93,1745,114974,1,0.09209597769972325
quỳnh nhai,sơn la,1056.0,61,1745,64045,1,0.051301049731058986
sơn la,sơn la,323.5,328,1745,106052,4,0.08494931573234862
sông mã,sơn la,1639.9,94,1745,154224,1,0.12353584344949396
sốp cộp,sơn la,1473.4,34,1745,50215,1,0.0402230027675092
thuận châu,sơn la,1533.4,113,1745,172763,1,0.13838587328732832
vân hồ,sơn la,982.9,63,1745,62188,1,0.04981356359864308
yên châu,sơn la,857.8,92,1745,79295,1,0.06351653897141575
bảo lạc,cao bằng,920.7,59,2185,54420,1,0.10130682452809114
bảo lâm,cao bằng,913.1,71,2185,65025,1,0.12104881045459623
cao bằng,cao bằng,107.1,687,2185,73549,4,0.13691686213187387
hạ lang,cao bằng,456.5,56,2185,25439,1,0.047356565769388285
hà quảng,cao bằng,811.0,73,2185,59467,1,0.11070218548717375
hòa an,cao bằng,606.0,87,2185,52762,1,0.09822033582784169
nguyên bình,cao bằng,838.0,47,2185,39654,1,0.07381883167653301
quảng hòa,cao bằng,669.0,100,2185,66620,1,0.12401802003052981
thạch an,cao bằng,691.0,43,2185,29820,1,0.05551211884284597
trùng khánh,cao bằng,688.0,102,2185,70424,1,0.13109944525112624
bảo lâm,lâm đồng,1463.4,81,3742,118090,1,0.09105517284984417
bảo lộc,lâm đồng,233.2,680,3742,158684,4,0.12235582224155027
cát tiên,lâm đồng,426.9,83,3742,35283,1,0.027205518364476686
đạ huoai,lâm đồng,495.6,69,3742,33998,1,0.02621469867515456
đà lạt,lâm đồng,394.5,574,3742,226578,4,0.1747065708694385
đạ tẻh,lâm đồng,527.0,82,3742,43415,1,0.03347582631277826
đam rông,lâm đồng,872.1,62,3742,54217,1,0.041804880230332804
di linh,lâm đồng,1614.2,99,3742,159994,1,0.12336591857852458
đơn dương,lâm đồng,611.4,175,3742,107281,1,0.08272072147094701
đức trọng,lâm đồng,903.6,207,3742,186974,1,0.14416927672475877
lạc dương,lâm đồng,1311.4,21,3742,27956,1,0.021555918470575353
lâm hà,lâm đồng,930.2,155,3742,144436,1,0.11136967521161904
bến cầu,tây ninh,237.5,294,4246,69849,1,0.060071312592021794
châu thành,tây ninh,580.9,242,4246,140769,1,0.12106370316348575
dương minh châu,tây ninh,435.6,274,4246,119158,1,0.10247788036822479
gò dầu,tây ninh,260.0,588,4246,152757,1,0.13137358441236774
hòa thành,tây ninh,82.9,1781,4246,147666,2,0.12699523894706424
tân biên,tây ninh,861.0,119,4246,102190,1,0.0878851155174549
tân châu,tây ninh,1103.2,122,4246,134743,1,0.11588124200184388
tây ninh,tây ninh,140.0,956,4246,133805,4,0.1150745462551429
trảng bàng,tây ninh,340.1,476,4246,161831,2,0.139177376742394
bến lức,long an,287.9,631,4232,181660,1,0.10758362071058727
cần đước,long an,220.5,850,4232,187359,1,0.11095871183923219
cần giuộc,long an,215.1,999,4232,214914,1,0.12727747584165558
châu thành,long an,155.2,708,4232,109812,1,0.06503342814857982
đức hòa,long an,425.1,743,4232,315711,1,0.18697199426489164
đức huệ,long an,428.9,154,4232,65961,1,0.039063763105202286
kiến tường,long an,204.4,214,4232,43674,2,0.025864841191864957
mộc hóa,long an,300.0,94,4232,28165,1,0.0166800213437944
tân an,long an,81.7,1776,4232,145120,4,0.0859437137373138
tân hưng,long an,501.9,95,4232,47651,1,0.028220120612574007
tân thạnh,long an,422.9,183,4232,77537,1,0.04591936143915449
tân trụ,long an,106.4,625,4232,66502,1,0.03938415691123789
thạnh hóa,long an,467.9,120,4232,56074,1,0.03320843304924293
thủ thừa,long an,299.1,329,4232,98333,1,0.05823527565415709
vĩnh hưng,long an,378.1,132,4232,50074,1,0.029655082150511654
biên hòa,đồng nai,263.6,4004,5621,1055414,4,0.3386084193478425
cẩm mỹ,đồng nai,468.6,297,5621,139362,1,0.04471150329364025
định quán,đồng nai,971.1,193,5621,187306,1,0.06009337434823396
long khánh,đồng nai,191.8,893,5621,171276,4,0.054950470272538625
long thành,đồng nai,430.7,571,5621,246051,1,0.0789405296774119
nhơn trạch,đồng nai,410.8,634,5621,260592,1,0.08360571795967553
tân phú,đồng nai,776.9,197,5621,153080,1,0.049112648528224695
thống nhất,đồng nai,247.2,663,5621,163905,1,0.052585632721574786
trảng bom,đồng nai,323.7,1079,5621,349279,1,0.11205916360915726
vĩnh cửu,đồng nai,1095.7,150,5621,164003,1,0.05261707405653537
xuân lộc,đồng nai,727.2,312,5621,226648,1,0.07271546618516508
bình chánh,hồ chí minh,252.7,2792,6537,705508,3,0.07983650393633068
bình tân,hồ chí minh,51.9,15109,6537,784173,5,0.08873837121799362
bình thạnh,hồ chí minh,20.8,23998,6537,499164,5,0.056486260468874304
cần giờ,hồ chí minh,704.2,102,6537,71526,3,0.008094005710140762
củ chi,hồ chí minh,434.5,1063,6537,462047,3,0.05228603663497761
gò vấp,hồ chí minh,19.7,34360,6537,676899,5,0.07659906007869266
hóc môn,hồ chí minh,109.2,4966,6537,542243,3,0.06136115452120707
nhà bè,hồ chí minh,100.4,2060,6537,206837,3,0.023406032199037898
phú nhuận,hồ chí minh,4.9,33461,6537,163961,5,0.018554109977356337
1,hồ chí minh,7.7,18523,6537,142625,5,0.016139691362704836
3,hồ chí minh,4.9,38852,6537,190375,5,0.021543163843470173
4,hồ chí minh,4.2,41745,6537,175329,5,0.019840532493824198
5,hồ chí minh,4.3,36994,6537,159073,5,0.018000975454089723
6,hồ chí minh,7.2,32439,6537,233561,5,0.026430166200628952
7,hồ chí minh,35.7,10088,6537,360155,5,0.040755761912252136
8,hồ chí minh,19.2,22118,6537,424667,5,0.048056051266788954
10,hồ chí minh,5.7,41196,6537,234819,5,0.026572523653630057
11,hồ chí minh,5.1,41150,6537,209867,5,0.023748912232895887
12,hồ chí minh,52.8,11745,6537,620146,5,0.07017679256663245
tân bình,hồ chí minh,22.4,21196,6537,474792,5,0.05372828285000074
tân phú,hồ chí minh,16.1,30146,6537,485348,5,0.05492281804386375
thủ đức,hồ chí minh,211.6,4791,6537,1013795,4,0.11472279337460718
bình giang,hải dương,106.2,1123,4388,119229,1,0.05543448999887949
cẩm giàng,hải dương,110.1,1343,4388,147810,1,0.06872297819099697
chí linh,hải dương,282.9,779,4388,220421,4,0.1024828332036922
gia lộc,hải dương,99.7,1160,4388,115617,1,0.05375512190994179
hải dương,hải dương,111.6,4554,4388,508190,4,0.23627853519303665
kim thành,hải dương,115.1,1183,4388,136150,1,0.06330176226712832
kinh môn,hải dương,165.3,1232,4388,203638,2,0.09467972283917354
nam sách,hải dương,111.0,1138,4388,126325,1,0.058733713686338486
ninh giang,hải dương,136.8,1071,4388,146493,1,0.06811065045757202
thanh hà,hải dương,140.7,973,4388,136858,1,0.06363094072974401
thanh miện,hải dương,123.5,1114,4388,137537,1,0.06394663589374974
tứ kỳ,hải dương,165.3,923,4388,152541,1,0.07092261562974676
bình long,bình phước,126.2,456,4039,57598,2,0.055589227668954654
bù đăng,bình phước,1501.2,93,4039,140077,1,0.1351917122848738
bù đốp,bình phước,381.5,150,4039,57311,1,0.05531223700363659
bù gia mập,bình phước,1064.3,80,4039,85013,1,0.0820481095145811
chơn thành,bình phước,389.6,234,4039,91026,1,0.08785140174648888
đồng phú,bình phước,936.2,103,4039,96481,1,0.09311615463607094
đồng xoài,bình phước,167.3,897,4039,150052,4,0.14481882687214806
hớn quản,bình phước,664.1,149,4039,98817,1,0.0953706849293915
lộc ninh,bình phước,853.3,134,4039,114319,1,0.11033204135364469
phú riềng,bình phước,674.7,136,4039,91450,1,0.08826061443671487
phước long,bình phước,119.4,452,4039,53992,2,0.05210898955349491
bình lục,hà nam,144.2,923,4029,133046,1,0.1529851690189107
duy tiên,hà nam,120.9,1274,4029,154016,2,0.1770978743563621
kim bảng,hà nam,175.4,716,4029,125634,1,0.1444623568128454
lý nhân,hà nam,168.8,1067,4029,180189,1,0.20719333629232373
phủ lý,hà nam,87.6,1806,4029,158212,4,0.18192271515731326
thanh liêm,hà nam,164.9,719,4029,118569,1,0.13633854836224482
bình minh,vĩnh long,93.6,1013,3201,94862,2,0.09274817631363592
bình tân,vĩnh long,158.1,605,3201,95709,1,0.09357630248995151
long hồ,vĩnh long,196.3,854,3201,167698,1,0.16396116117564585
mang thít,vĩnh long,162.5,592,3201,96172,1,0.0940289853938879
tam bình,vĩnh long,290.7,521,3201,151520,1,0.14814365789296152
trà ôn,vĩnh long,267.2,485,3201,129589,1,0.12670134954257517
vĩnh long,vĩnh long,47.8,2884,3201,137870,4,0.13479782282010694
vũng liêm,vĩnh long,309.6,482,3201,149371,1,0.14604254437123518
bình thủy,cần thơ,71.1,1999,5031,142164,5,0.11509661415302011
cái răng,cần thơ,66.8,1578,5031,105393,5,0.08532664707963512
cờ đỏ,cần thơ,319.8,365,5031,116576,3,0.09438045420431665
ninh kiều,cần thơ,29.2,9606,5031,280494,5,0.22708920465263513
ô môn,cần thơ,131.9,976,5031,128677,5,0.10417747826009516
phong điền,cần thơ,126.3,779,5031,98424,3,0.07968451331839883
thới lai,cần thơ,266.9,411,5031,109684,3,0.08880065998958848
thốt nốt,cần thơ,122.0,1273,5031,155360,5,0.1257801551364143
vĩnh thạnh,cần thơ,305.8,322,5031,98399,3,0.07966427320589618
bình xuyên,vĩnh phúc,148.5,882,4290,131013,1,0.1138101418229012
lập thạch,vĩnh phúc,172.2,791,4290,136150,1,0.11827262034445435
phúc yên,vĩnh phúc,120.1,883,4290,106002,4,0.09208324863571686
sông lô,vĩnh phúc,149.9,659,4290,98738,1,0.08577305903467303
tam đảo,vĩnh phúc,234.7,358,4290,83931,1,0.07291031434543076
tam dương,vĩnh phúc,108.3,1056,4290,114391,1,0.0993707184269003
vĩnh tường,vĩnh phúc,144.0,1426,4290,205345,1,0.17838186723930943
vĩnh yên,vĩnh phúc,50.4,2364,4290,119128,4,0.10348571954751493
yên lạc,vĩnh phúc,107.7,1453,4290,156456,1,0.13591231060309916
buôn đôn,đắk lắk,1410.4,46,2715,64251,1,0.03437128541792158
buôn hồ,đắk lắk,282.5,349,2715,98732,2,0.052817010659479746
buôn ma thuột,đắk lắk,377.2,996,2715,375590,4,0.20092311543971558
cư kuin,đắk lắk,288.3,351,2715,101247,1,0.054162418245759694
cư mgar,đắk lắk,824.4,215,2715,177622,1,0.09501947765018547
ea hleo,đắk lắk,1335.1,103,2715,136880,1,0.07322440970576498
ea kar,đắk lắk,1037.5,139,2715,144450,1,0.07727400629747042
ea súp,đắk lắk,1765.6,40,2715,70724,1,0.03783403822348424
krông ana,đắk lắk,356.1,224,2715,79892,1,0.042738490211959204
krông bông,đắk lắk,1257.5,73,2715,92064,1,0.049249941957565366
krông buk,đắk lắk,357.8,181,2715,64859,1,0.03469653703321311
krông năng,đắk lắk,614.8,206,2715,126366,1,0.06759991055580579
krông pắk,đắk lắk,625.8,311,2715,194607,1,0.10410565969907806
lắk,đắk lắk,1256.0,56,2715,69885,1,0.03738521239251451
m'drắk,đắk lắk,1336.3,54,2715,72153,1,0.03859848651008226
cà mau,cà mau,249.2,908,3034,226372,4,0.1895157374447038
cái nước,cà mau,417.1,328,3034,136638,1,0.11439158258516706
đầm dơi,cà mau,810.0,217,3034,175629,1,0.14703434811582652
năm căn,cà mau,482.8,118,3034,56813,1,0.047563115541877775
ngọc hiển,cà mau,708.6,94,3034,66874,1,0.0559860558102465
phú tân,cà mau,448.2,218,3034,97703,1,0.08179569953686805
thới bình,cà mau,636.4,214,3034,135892,1,0.11376704094515085
trần văn thời,cà mau,697.5,283,3034,197679,1,0.16549432554526
u minh,cà mau,771.8,131,3034,100876,1,0.08445209447489946
cái bè,tiền giang,416.4,703,4534,292738,1,0.1659338448065254
cai lậy,tiền giang,141.0,891,4534,125615,2,0.07120285004123718
cai lậy,tiền giang,294.8,656,4534,193328,1,0.10958487913682521
châu thành,tiền giang,232.6,1133,4534,263426,1,0.14931880726794525
chợ gạo,tiền giang,230.9,813,4534,187711,1,0.10640097268710481
gò công,tiền giang,101.7,980,4534,99657,2,0.05648897366205925
gò công đông,tiền giang,273.2,509,4534,139060,1,0.07882393286418375
gò công tây,tiền giang,184.5,689,4534,127132,1,0.07206273718459232
mỹ tho,tiền giang,82.3,2772,4534,228109,4,0.12929993169650575
tân phú đông,tiền giang,223.1,189,4534,42078,1,0.023851240091033538
tân phước,tiền giang,330.1,198,4534,65331,1,0.03703183056198755
cẩm khê,phú thọ,233.9,596,3331,139424,1,0.09525280004591023
đoan hùng,phú thọ,302.9,380,3331,115131,1,0.07865611460068346
hạ hòa,phú thọ,341.5,307,3331,104997,1,0.07173268767515231
lâm thao,phú thọ,98.4,1097,3331,107989,1,0.07377678609247906
phù ninh,phú thọ,157.4,705,3331,111011,1,0.07584138014901697
phú thọ,phú thọ,65.2,1084,3331,70653,2,0.04826927990621196
tam nông,phú thọ,155.6,565,3331,87931,1,0.06007340171589491
tân sơn,phú thọ,688.6,125,3331,85731,1,0.0585703881737429
thanh ba,phú thọ,194.7,593,3331,115470,1,0.07888771532376962
thanh sơn,phú thọ,621.1,214,3331,133132,1,0.09095418131535547
thanh thủy,phú thọ,125.7,673,3331,84622,1,0.05781273271090354
việt trì,phú thọ,111.5,1926,3331,214777,4,0.14673306342853784
yên lập,phú thọ,438.2,212,3331,92858,1,0.06343946886234172
cam lâm,khánh hòa,547.2,199,3153,108979,1,0.08852114397854939
cam ranh,khánh hòa,327.0,400,3153,130814,4,0.10625721403582304
diên khánh,khánh hòa,337.6,424,3153,143211,1,0.11632701300536834
khánh sơn,khánh hòa,338.5,75,3153,25349,1,0.0205904117188839
khánh vĩnh,khánh hòa,1167.2,34,3153,39780,1,0.03231238227059061
nha trang,khánh hòa,254.3,1662,3153,422601,4,0.3432691065845617
ninh hòa,khánh hòa,1108.0,208,3153,230049,2,0.18686353013994722
trường sa,khánh hòa,496.3,0,3153,93,0,7.554176850590566e-05
vạn ninh,khánh hòa,561.8,232,3153,130231,1,0.1057836564977699
cẩm lệ,đà nẵng,35.8,4450,5284,159295,5,0.14043339122462115
hải châu,đà nẵng,23.3,8649,5284,201522,5,0.1776604279253467
hòa vang,đà nẵng,733.2,199,5284,145749,3,0.12849132953072792
hoàng sa,đà nẵng,305.0,0,5284,0,0,0.0
liên chiểu,đà nẵng,74.5,2616,5284,194913,5,0.1718339783657025
ngũ hành sơn,đà nẵng,40.2,2248,5284,90352,5,0.07965371018504641
sơn trà,đà nẵng,63.4,2483,5284,157415,5,0.13877599597993495
thanh khê,đà nẵng,9.5,19480,5284,185064,5,0.1631511667886204
cam lộ,quảng trị,344.5,139,2853,47777,1,0.07555169005732358
cồn cỏ,quảng trị,2.3,150,2853,346,0,0.0005471437042893852
đakrông,quảng trị,1224.5,35,2853,43208,1,0.06832654674836924
đông hà,quảng trị,73.0,1310,2853,95658,4,0.15126783949397113
gio linh,quảng trị,473.8,159,2853,75276,1,0.11903696382684326
hải lăng,quảng trị,425.1,187,2853,79533,1,0.12576872899782565
hướng hóa,quảng trị,1152.8,79,2853,90918,1,0.1437722870132437
quảng trị,quảng trị,72.9,320,2853,23356,2,0.03693378137971931
triệu phong,quảng trị,353.8,251,2853,88852,1,0.1405052381893655
vĩnh linh,quảng trị,617.2,142,2853,87451,1,0.13828978058904923
cẩm xuyên,hà tĩnh,636.4,235,3230,149313,1,0.11584835041036073
can lộc,hà tĩnh,302.1,427,3230,129098,1,0.10016402015415102
đức thọ,hà tĩnh,203.5,499,3230,101562,1,0.07879950281875696
hà tĩnh,hà tĩnh,56.6,1838,3230,104037,4,0.08071979554119668
hồng lĩnh,hà tĩnh,59.0,651,3230,38411,2,0.029802167176417097
hương khê,hà tĩnh,1262.7,79,3230,99307,1,0.07704990278275631
hương sơn,hà tĩnh,1096.8,103,3230,112426,1,0.08722861802545803
kỳ anh,hà tĩnh,282.2,294,3230,82955,2,0.06436278092524747
kỳ anh,hà tĩnh,759.6,160,3230,121662,1,0.09439460735250987
lộc hà,hà tĩnh,117.4,674,3230,79178,1,0.061432297849427324
nghi xuân,hà tĩnh,222.5,459,3230,102160,1,0.07926347657553229
thạch hà,hà tĩnh,353.9,396,3230,140213,1,0.10878788019856214
vũ quang,hà tĩnh,637.7,45,3230,28544,1,0.02214660018962406
càng long,trà vinh,293.9,503,3437,147694,1,0.14635224263948124
cầu kè,trà vinh,246.6,417,3437,102767,1,0.10183339146703027
cầu ngang,trà vinh,328.4,369,3437,121254,1,0.12015244240800342
châu thành,trà vinh,343.1,420,3437,144040,1,0.14273143817481332
duyên hải,trà vinh,175.1,275,3437,48210,2,0.04777202606503575
duyên hải,trà vinh,305.4,257,3437,78444,1,0.07773135890159022
tiểu cần,trà vinh,227.2,475,3437,107846,1,0.10686625021800136
trà cú,trà vinh,317.5,461,3437,146329,1,0.14499964327049608
trà vinh,trà vinh,67.9,1658,3437,112584,4,0.11156120685554834
cao lãnh,đồng tháp,107.3,1536,3965,164835,4,0.10152113876618882
cao lãnh,đồng tháp,491.1,402,3965,197614,1,0.12170957816083743
châu thành,đồng tháp,246.2,596,3965,146812,1,0.09042085372974011
hồng ngự,đồng tháp,121.8,826,3965,100610,4,0.06196524871093067
hồng ngự,đồng tháp,209.6,575,3965,120571,1,0.07425913927368673
lai vung,đồng tháp,238.7,688,3965,164240,1,0.10115468092916462
lấp vò,đồng tháp,246.0,734,3965,180627,1,0.1112473608876779
sa đéc,đồng tháp,59.1,1797,3965,106198,4,0.065406872901336
tam nông,đồng tháp,475.0,211,3965,99995,1,0.06158647296341827
tân hồng,đồng tháp,311.0,243,3965,75456,1,0.046473012689911386
thanh bình,đồng tháp,341.9,395,3965,134903,1,0.08308615392953662
tháp mười,đồng tháp,530.0,249,3965,131791,1,0.08116948705757145
cao phong,hòa bình,255.2,178,2707,45470,1,0.053235393633997596
đà bắc,hòa bình,778.0,71,2707,55002,1,0.06439527426120817
hòa bình,hòa bình,348.7,389,2707,135718,4,0.1588960007305671
kim bôi,hòa bình,551.0,216,2707,118767,1,0.1390500988724212
lạc sơn,hòa bình,587.5,233,2707,136652,1,0.15998950980587287
lạc thủy,hòa bình,313.6,193,2707,60393,1,0.0707069524464046
lương sơn,hòa bình,364.9,273,2707,99457,1,0.11644232559174178
mai châu,hòa bình,569.8,98,2707,55640,1,0.0651422322805284
tân lạc,hòa bình,532.0,163,2707,86889,1,0.10172795507949015
yên thủy,hòa bình,288.9,208,2707,60143,1,0.07041425729776814
châu thành,hậu giang,139.1,633,3974,88079,1,0.11320815344454627
châu thành a,hậu giang,153.4,636,3974,97606,1,0.12545322977223156
long mỹ,hậu giang,144.5,431,3974,62339,2,0.08012446868810466
long mỹ,hậu giang,254.0,305,3974,77346,1,0.09941300237652421
ngã bảy,hậu giang,78.1,1296,3974,101192,4,0.130062324315223
phụng hiệp,hậu giang,483.7,389,3974,188017,1,0.24165870850240415
vị thanh,hậu giang,119.1,616,3974,73322,4,0.09424094536564927
vị thủy,hậu giang,230.2,392,3974,90126,1,0.1158391675353169
châu thành,sóc trăng,236.3,403,3635,95188,1,0.07934627763194857
cù lao dung,sóc trăng,264.8,220,3635,58304,1,0.0486007203749751
kế sách,sóc trăng,352.8,423,3635,149156,1,0.12433261951580998
long phú,sóc trăng,263.7,357,3635,94255,1,0.07856855273983393
mỹ tú,sóc trăng,368.2,246,3635,90524,1,0.07545848674575065
mỹ xuyên,sóc trăng,373.7,402,3635,150067,1,0.12509200577166898
ngã năm,sóc trăng,242.2,306,3635,74115,2,0.06178036482216107
sóc trăng,sóc trăng,76.0,1807,3635,137305,4,0.11445392959464112
thạnh trị,sóc trăng,287.5,256,3635,73596,1,0.06134773972140277
trần đề,sóc trăng,378.0,298,3635,112463,1,0.09374627496451057
vĩnh châu,sóc trăng,468.7,351,3635,164680,2,0.13727302811729725
chiêm hóa,tuyên quang,1146.2,117,2681,134091,1,0.154090391974351
hàm yên,tuyên quang,900.6,135,2681,121342,1,0.13943990531021247
lâm bình,tuyên quang,917.6,56,2681,51421,1,0.059090334516955674
na hang,tuyên quang,863.5,50,2681,43248,1,0.04969834867445789
sơn dương,tuyên quang,787.8,233,2681,183600,1,0.2109835556934533
tuyên quang,tuyên quang,184.4,1036,2681,191118,4,0.21962284965697934
yên sơn,tuyên quang,1067.7,136,2681,145390,1,0.1670746141735903
cư jút,đắk nông,723.3,128,2809,92464,1,0.14316481821827431
đắk glong,đắk nông,1447.8,47,2809,67782,1,0.10494892832314275
đắk mil,đắk nông,679.0,148,2809,100702,1,0.1559199637071364
đắk rlấp,đắk nông,635.7,131,2809,83555,1,0.12937074305922208
đắk song,đắk nông,806.5,100,2809,80514,1,0.1246622704406703
gia nghĩa,đắk nông,284.1,299,2809,85082,4,0.1317350435158247
krông nô,đắk nông,813.7,91,2809,74446,1,0.11526700182857816
tuy đức,đắk nông,1119.3,55,2809,61312,1,0.09493123090715128
đại từ,thái nguyên,573.4,299,3806,171703,1,0.13343918131790844
định hóa,thái nguyên,513.5,174,3806,89288,1,0.06939027053408157
đồng hỷ,thái nguyên,427.7,216,3806,92421,1,0.07182508503976294
phổ yên,thái nguyên,258.9,759,3806,196378,2,0.15261538557187831
phú bình,thái nguyên,243.4,644,3806,156804,1,0.12186040655884472
phú lương,thái nguyên,350.7,292,3806,102292,1,0.0794963438924858
sông công,thái nguyên,96.7,717,3806,69382,4,0.053920300042510166
thái nguyên,thái nguyên,222.9,1527,3806,340403,4,0.26454457777767415
võ nhai,thái nguyên,839.4,81,3806,68080,1,0.052908449264853885
đắk glei,kon tum,1493.7,33,2375,48761,1,0.09022496567598874
đắk hà,kon tum,845.0,89,2375,74805,1,0.1384155074217579
đắk tô,kon tum,508.7,93,2375,47544,1,0.08797308849488748
ia h'drai,kon tum,980.2,10,2375,10210,1,0.01889208382830223
kon plông,kon tum,1371.2,19,2375,26025,1,0.04815538507654902
kon rẫy,kon tum,913.9,31,2375,28591,1,0.052903385772281
kon tum,kon tum,432.9,389,2375,168264,4,0.3113474626136578
ngọc hồi,kon tum,843.8,70,2375,58913,1,0.10900972914561892
sa thầy,kon tum,1431.7,35,2375,49914,1,0.09235842039234843
tu mơ rông,kon tum,859.3,32,2375,27411,1,0.05071997157860846
điện biên,điện biên,1396.0,67,1737,93850,1,0.15776901003098223
điện biên đông,điện biên,1209.0,55,1737,67080,1,0.11276659768650281
điện biên phủ,điện biên,308.2,261,1737,80366,4,0.13510137730580626
mường ảng,điện biên,443.5,109,1737,48416,1,0.0813909897672886
mường chà,điện biên,1199.4,40,1737,48005,1,0.08070006741115932
mường lay,điện biên,112.6,99,1737,11162,2,0.01876417357448933
mường nhé,điện biên,1573.7,29,1737,45727,1,0.07687057561733324
nậm pồ,điện biên,1498.1,37,1737,54908,1,0.09230453705680525
tủa chùa,điện biên,685.3,84,1737,57460,1,0.09659464375471752
tuần giáo,điện biên,1137.8,77,1737,87883,1,0.1477380277949154
đông hòa,phú yên,265.6,452,3224,119991,2,0.13667786370144583
đồng xuân,phú yên,1033.3,53,3224,55030,1,0.06268289154595398
phú hòa,phú yên,258.8,394,3224,102074,1,0.11626918901802119
sơn hòa,phú yên,937.8,63,3224,59497,1,0.06777110663837223
sông cầu,phú yên,492.8,202,3224,99432,2,0.11325977234594395
sông hinh,phú yên,893.2,58,3224,51816,1,0.059021928190898625
tây hòa,phú yên,623.7,178,3224,110983,1,0.1264171425121681
tuy an,phú yên,407.6,302,3224,123167,1,0.14029554248665296
tuy hòa,phú yên,110.6,1410,3224,155921,4,0.17760456356054316
đông hưng,thái bình,199.3,1228,4209,244838,1,0.13160170647161676
hưng hà,thái bình,210.3,1204,4209,253272,1,0.13613502561481192
kiến xương,thái bình,202.0,1073,4209,216682,1,0.1164677091043174
quỳnh phụ,thái bình,210.0,1147,4209,240940,1,0.12950651106965155
thái bình,thái bình,68.1,3026,4209,206037,4,0.11074596588884285
thái thụy,thái bình,268.4,951,4209,255222,1,0.1371831608210285
tiền hải,thái bình,231.3,932,4209,215535,1,0.11585119060096848
vũ thư,thái bình,196.9,1158,4209,227921,1,0.12250873042876255
gia viễn,ninh bình,176.7,685,3904,120992,1,0.1231487032398393
hoa lư,ninh bình,103.5,694,3904,71839,1,0.07311954254865459
kim sơn,ninh bình,215.7,848,3904,182942,1,0.18620297266019806
nho quan,ninh bình,450.6,333,3904,149830,1,0.15250074555693865
ninh bình,ninh bình,46.8,2745,3904,128480,4,0.1307701781295834
tam điệp,ninh bình,104.9,599,3904,62866,4,0.06398659727813193
yên khánh,ninh bình,142.6,1031,3904,147069,1,0.14969053025638
yên mô,ninh bình,146.1,811,3904,118469,1,0.1205807303302741
giao thủy,nam định,237.8,705,4096,167752,1,0.09422189370549086
hải hậu,nam định,228.1,1153,4096,262901,1,0.14766458866104282
mỹ lộc,nam định,74.5,973,4096,72514,1,0.040729209786827966
nam định,nam định,46.4,5093,4096,236294,4,0.13272013538583896
nam trực,nam định,163.9,1118,4096,183241,1,0.10292165830802526
nghĩa hưng,nam định,258.9,679,4096,175786,1,0.09873438055530437
trực ninh,nam định,144.0,1198,4096,172557,1,0.09692073603973954
vụ bản,nam định,152.8,856,4096,130862,1,0.07350174933287201
xuân trường,nam định,116.1,1288,4096,149480,1,0.08395899107668925
ý yên,nam định,261.1,877,4096,229006,1,0.12862665714816898
lai châu,lai châu,92.4,465,1905,42973,4,0.09387075705182955
mường tè,lai châu,2679.3,17,1905,46143,1,0.100795344580145
nậm nhùn,lai châu,1388.0,20,1905,27261,1,0.05954926833104334
phong thổ,lai châu,1029.2,77,1905,79645,1,0.17397753113333872
sìn hồ,lai châu,1527.0,55,1905,83643,1,0.18271081218640028
tam đường,lai châu,662.9,79,1905,52470,1,0.1146161222746724
tân uyên,lai châu,897.3,65,1905,58104,1,0.1269231021278362
than uyên,lai châu,792.5,85,1905,67550,1,0.1475570623147345
lục yên,yên bái,810.0,134,2522,108817,1,0.13290122755657496
mù cang chải,yên bái,1197.9,53,2522,63961,1,0.07811734761798332
nghĩa lộ,yên bái,107.8,633,2522,68206,2,0.08330188414240193
trạm tấu,yên bái,743.4,46,2522,33962,1,0.04147873485095526
trấn yên,yên bái,629.1,135,2522,84675,1,0.10341593173266111
văn chấn,yên bái,1129.9,103,2522,116804,1,0.1426559727204222
văn yên,yên bái,1390.3,93,2522,129679,1,0.1583805681861206
yên bái,yên bái,106.8,942,2522,100631,4,0.12290343815989868
yên bình,yên bái,772.4,145,2522,112046,1,0.13684489503298194
